Nombre,Apellido,RUT,E1,E2,E3,P1,P2,P3
Suzanne,Morales,33279233-6,2.3,4.7,4.9,5.8,6.7,4.4
Ashley,Ryan,46544489-6,3.7,2.3,3.2,2.4,5.0,2.6
Tony,Crosby,64062978-2,6.3,4.9,5.2,1.4,6.6,1.4
Brittany,Baxter,12367491-8,5.6,6.3,5.9,1.4,1.6,4.2
Eric,Orr,39067944-9,2.6,5.1,1.2,3.3,1.1,1.5
Shane,Rich,38562639-8,3.7,1.1,1.3,5.0,3.6,1.2
Angela,Kane,91558519-5,2.3,5.6,3.2,5.1,3.9,3.5
Courtney,Lucas,34258677-4,1.8,6.3,1.2,5.8,4.2,6.0
Alicia,Harris,42401470-2,2.4,6.4,2.2,4.8,6.0,6.8
Justin,Jackson,29790755-4,1.4,2.0,4.4,4.2,6.0,6.0
Jessica,Morris,39725849-6,2.8,5.8,2.5,5.3,6.9,2.8
Lisa,Robinson,46324619-0,4.7,1.5,3.9,3.8,5.8,4.7
Savannah,Lane,12944962-8,5.2,1.5,5.6,3.5,1.3,5.9
Hailey,Medina,66259876-4,5.2,1.9,6.8,6.1,1.8,6.9
Daniel,Sandoval,95642455-9,6.8,5.4,3.1,5.6,6.1,3.3
Anna,Livingston,72925243-4,6.2,4.2,1.5,1.4,3.4,6.5
Jonathan,Benjamin,33283046-1,2.6,5.4,2.8,2.3,1.9,1.7
Jackie,Johnson,46639516-8,6.0,2.8,5.1,4.7,4.9,2.2
Kevin,Poole,14495825-1,6.1,1.1,1.4,5.0,5.9,1.4
Debbie,Mendez,98218509-8,1.2,6.1,1.4,6.0,2.6,5.8
James,Mitchell,20812743-5,3.1,2.0,1.4,4.0,6.1,1.3
Gina,Patterson,65886464-9,4.0,4.0,6.4,3.9,2.8,4.2
Stephen,Turner,13338198-7,3.2,4.2,5.4,6.7,5.1,4.5
Richard,Barber,43188047-6,3.7,3.5,3.2,2.7,6.8,2.7
Nicole,Williams,16282759-4,5.4,1.6,4.9,5.6,1.0,1.7
Steven,Jones,11323293-5,5.2,4.7,1.9,6.0,5.0,4.3
Vanessa,Harrison,99896260-1,1.3,6.3,1.8,3.4,4.8,6.4
Olivia,Oliver,49099799-6,2.3,5.2,6.3,3.6,6.0,4.2
Shane,Craig,29917007-2,5.6,6.7,1.7,3.3,1.9,5.5
Monique,Matthews,73432066-0,4.2,1.9,6.1,4.4,4.0,4.8
Julie,Peterson,93905395-2,3.3,1.3,1.5,6.7,6.6,1.7
Mike,Hodge,88152054-1,3.2,4.2,3.7,6.8,1.3,3.6
Christine,Perkins,33904300-8,2.1,6.3,4.6,1.6,2.1,1.7
Sheryl,Smith,74210686-0,4.8,5.7,4.8,7.0,4.9,4.9
Brenda,Randall,84623712-3,5.3,1.5,5.4,4.3,2.2,6.4
Devin,Clark,43487066-8,2.2,3.0,6.6,5.3,3.1,3.8
Michael,Hudson,52249148-5,3.1,1.8,4.9,4.3,3.9,2.3
Ronald,Butler,16351436-3,3.8,4.6,4.7,6.5,5.4,5.5
Joshua,Lee,44810256-2,2.8,7.0,5.5,6.0,6.7,4.7
Hannah,Jones,16225605-5,1.7,4.4,1.2,2.0,2.5,1.7
Patrick,Walker,63693831-5,3.0,2.7,5.7,4.5,5.6,1.1
Derek,Cook,76410302-3,3.1,1.7,5.2,5.6,5.0,4.7
Jessica,Howard,14575528-3,2.2,6.6,6.1,1.1,5.4,6.4
Mark,Black,58528789-2,4.3,4.3,3.5,3.4,2.4,3.4
Carrie,Walker,35439604-1,5.3,4.2,6.0,4.2,5.5,6.7
Pam,Stewart,33334948-2,3.7,2.7,1.4,6.9,4.7,3.0
Brenda,Turner,54585287-8,1.4,5.2,5.7,6.8,3.5,5.8
Kevin,Jones,60142073-3,4.3,2.3,3.0,4.3,2.9,4.2
Andrea,Lee,31155405-4,2.9,6.4,2.3,4.3,6.8,2.7
Jerry,Johnson,79416176-0,2.0,5.0,1.3,5.8,3.9,6.8
Thomas,Cross,13552802-8,1.3,2.5,6.6,3.7,3.3,3.3
Seth,Anderson,38492323-2,2.9,6.4,1.7,6.7,3.8,4.1
Timothy,Holder,81967394-5,3.3,5.7,4.4,5.1,4.4,5.5
Aaron,Brown,88645723-4,7.0,5.5,5.7,2.4,2.3,6.8
Richard,Yates,45593664-6,2.4,2.1,6.2,3.0,1.5,4.3
Deborah,Barker,28446422-6,5.9,4.9,5.5,5.7,6.6,3.0
Ryan,Reyes,52715568-2,2.6,4.4,1.2,2.3,3.7,1.7
Sarah,Mcdaniel,43331135-1,1.0,3.7,3.0,4.4,2.0,1.3
Christina,Perez,91685525-3,2.0,1.4,6.7,6.5,4.3,6.6
William,Baker,55742712-0,7.0,1.4,6.6,6.3,4.7,5.2
Ronald,Gallagher,56663540-0,5.3,6.3,3.4,6.2,5.9,6.4
Ray,Garner,92051913-1,1.4,2.7,2.4,1.5,6.6,4.1
Allison,Horn,61028255-1,5.5,4.9,3.9,4.9,6.7,5.2
Samuel,Jordan,73830130-7,7.0,4.4,3.9,4.3,2.9,5.1
Margaret,Williams,68078688-0,4.0,1.2,5.6,5.5,4.0,5.9
Heather,Barnes,45999269-2,2.1,6.6,1.9,4.1,3.4,5.3
Brett,Browning,66141144-8,6.8,3.0,6.7,6.9,6.5,1.8
John,Hoffman,85558530-6,6.4,1.2,4.8,6.3,6.9,3.8
Chelsea,Gonzalez,46012732-8,5.7,4.5,4.6,6.2,4.4,3.2
Tonya,Morales,90696208-7,2.9,7.0,1.6,2.3,6.5,1.7
Lori,Medina,50063169-8,1.3,1.1,3.6,3.9,4.6,3.1
Cynthia,Munoz,44956588-0,1.4,6.5,5.3,6.6,3.1,2.6
Linda,Harris,27680803-1,3.2,5.8,5.2,4.2,6.2,2.5
Gabriella,Brown,70302123-7,4.5,4.9,2.2,6.2,2.8,6.0
Megan,Reynolds,91562783-4,1.7,6.1,2.6,6.2,1.5,4.9
Laura,Burke,88934724-0,2.2,5.3,2.0,3.1,4.4,4.6
Maria,Harris,69790028-8,4.1,1.1,4.7,3.2,6.4,2.2
Sandra,Tucker,39657946-8,2.1,2.4,3.8,1.4,5.6,1.8
Amy,Alexander,79752348-7,5.8,4.8,5.5,2.9,4.8,1.7
Arthur,Moore,61131233-3,2.5,5.0,2.9,5.7,1.9,3.9
John,Kim,54925675-4,5.8,6.0,4.7,3.5,3.7,3.5
Amber,Sutton,16000757-0,6.6,4.5,6.0,1.2,3.7,4.1
Carrie,Howard,56496575-6,5.7,5.0,1.1,4.9,3.3,3.9
Monica,Moore,17737495-4,1.4,4.5,4.8,1.6,3.2,2.6
Alexa,Foley,26642953-4,2.7,4.7,4.3,1.6,4.2,6.8
Thomas,Wright,99590128-8,6.4,3.5,3.5,1.9,1.9,6.9
Caitlin,Church,89548337-7,3.0,6.1,6.6,6.5,6.5,5.3
Denise,Hull,40932838-0,4.8,4.3,2.6,7.0,1.1,6.3
Billy,Bradley,75049855-9,2.1,5.4,2.7,3.6,2.2,4.0
Caroline,Duncan,26713744-7,1.7,2.2,4.4,6.7,3.6,3.9
Andrea,Carroll,56080882-6,2.3,3.0,3.7,3.8,6.5,2.3
Brian,Vincent,35186633-8,2.7,5.7,6.0,2.1,5.0,1.8
Sydney,Walker,80542514-2,3.7,3.8,5.5,5.9,4.1,4.5
Nancy,Haney,16513795-0,5.9,2.1,5.2,6.9,6.6,2.6
Rachel,Allen,14658499-0,4.0,6.9,3.7,2.6,2.0,5.3
John,Ramirez,12823095-1,5.3,6.5,1.4,5.4,6.4,3.7
Jacob,Gilmore,52418558-5,5.2,4.1,4.7,3.1,4.3,6.9
Andrew,Reynolds,70853420-9,2.4,6.8,2.8,4.8,6.8,2.5
Jeffrey,Allen,97679071-4,5.0,4.1,6.2,6.3,6.1,4.7
Deborah,Hoffman,86750807-1,3.8,2.3,3.4,6.3,3.6,5.6
Daniel,Barrera,85787629-7,3.4,1.6,1.4,4.9,2.0,6.2
Christopher,Smith,56029958-5,6.6,5.2,1.4,3.5,5.8,3.4
Karla,Powell,13302309-9,4.3,5.8,3.9,6.6,4.9,2.7
Jennifer,Jackson,88009559-0,5.4,6.9,2.4,2.4,3.4,2.9
Susan,Miller,96019356-3,4.5,6.5,3.6,4.1,4.8,3.8
Jamie,Smith,14343426-2,4.4,3.6,3.9,5.1,3.4,2.9
Kimberly,Jackson,35025438-4,4.3,4.0,1.3,1.9,3.9,6.8
Daniel,Bailey,69587514-1,6.9,2.8,4.7,2.0,5.2,3.2
Paige,Taylor,73482284-2,5.6,4.0,5.5,6.5,3.8,6.2
Amber,Weaver,64285238-6,6.9,4.4,6.7,6.0,2.5,6.4
John,Mason,28236513-0,4.0,6.1,5.7,4.6,1.0,1.0
William,Conner,66649732-7,5.5,3.3,5.0,2.0,1.5,1.0
Kelli,Thomas,10648936-5,4.4,1.2,1.8,4.5,6.3,6.5
Donna,Wolf,65815065-8,2.7,2.1,5.1,4.6,6.8,1.7
Lawrence,Thornton,43385529-4,3.3,1.6,6.3,6.1,1.1,5.8
Jacqueline,Parks,75206420-3,7.0,1.6,6.6,1.6,3.9,4.6
Melissa,Torres,30571792-1,1.9,4.5,1.6,4.9,1.7,2.7
Adam,Pena,77657265-3,4.4,6.6,4.2,1.1,2.7,1.3
Mary,Duncan,12388762-7,4.8,2.0,6.4,5.0,4.1,5.2
Blake,Hernandez,73416873-4,3.5,6.6,4.4,4.7,3.0,5.6
Robert,Becker,25281877-6,6.2,5.4,4.1,2.0,3.7,4.5
Benjamin,Holmes,68654264-9,6.0,1.1,3.1,2.7,6.5,6.8
Danny,Nelson,77277002-4,3.6,5.5,3.5,3.3,3.7,5.4
Russell,Nolan,71909381-3,4.1,5.5,3.0,3.8,3.6,2.8
Jessica,Dickson,36252010-1,2.2,6.4,4.9,4.4,7.0,1.3
Jonathan,Clark,96850448-3,3.9,1.1,3.6,5.4,4.2,1.6
Casey,Gross,18634832-4,7.0,3.1,6.7,1.2,3.5,2.1
Jenna,White,84780263-1,4.2,4.6,1.1,2.0,4.9,1.7
Jeffery,Brown,34120111-3,5.5,5.6,3.1,5.0,6.6,1.7
Elizabeth,Jimenez,64753397-4,3.0,4.1,1.6,7.0,4.7,6.9
Matthew,Clark,84349541-3,3.0,2.9,4.6,3.7,5.1,2.0
Kathryn,Nguyen,15385480-4,4.5,5.7,2.6,3.1,2.7,5.3
Christine,Harris,57076962-1,4.5,5.8,2.6,3.0,4.5,3.0
Alyssa,Wilson,41929853-4,6.7,6.3,6.1,2.9,4.5,1.5
Ian,Miller,17326363-9,6.9,3.9,4.3,5.4,4.7,3.3
Kevin,Jackson,55439118-4,2.3,2.8,6.4,5.6,4.5,3.0
Robert,Davies,36475314-7,4.4,5.0,5.3,6.5,6.7,3.1
Jason,Barnes,42549977-1,2.3,2.3,4.8,5.3,6.6,5.9
Frank,Bradley,89209702-7,1.9,4.2,3.6,2.4,3.5,1.5
Chad,Hill,78302579-5,3.1,2.0,4.4,4.8,4.4,3.0
William,Gonzalez,16521100-3,4.7,4.8,5.5,1.6,2.4,2.5
Kelly,Hurst,83155837-3,3.5,1.1,2.8,3.3,5.7,5.7
William,Singleton,74337478-5,1.8,4.2,5.5,3.1,5.2,2.5
Angel,Tucker,91730531-1,5.1,6.5,5.8,5.9,5.7,2.1
Samantha,Martinez,34861586-7,3.9,4.1,3.5,2.8,5.0,5.4
Matthew,Porter,53177213-5,2.0,5.5,6.5,6.3,3.0,4.1
William,King,22131888-5,4.0,4.7,5.3,2.6,3.1,4.7
Jimmy,Harrison,57591304-3,1.3,2.6,5.2,6.2,4.7,2.9
Eric,Singh,42566197-9,6.0,1.2,1.9,2.5,1.6,3.5
Kenneth,Adams,92117967-3,3.5,2.2,1.9,5.5,1.1,6.7
Derek,White,30528938-6,1.7,5.5,4.5,3.9,3.1,5.2
Susan,Gillespie,90097816-2,2.8,5.5,5.1,4.5,4.7,2.8
Charles,Brewer,20107091-2,2.8,3.8,1.6,6.9,1.5,4.4
Sara,Davis,21258114-5,3.3,3.2,6.0,6.7,1.4,5.9
Linda,Henry,56488134-7,2.1,5.5,6.1,1.1,4.3,3.5
Michael,Blankenship,50426686-9,4.4,3.2,2.4,4.6,5.0,5.2
Joshua,Hanna,45951891-5,5.9,5.2,4.8,1.8,3.7,2.2
Heather,Ford,47081987-4,5.5,4.9,6.5,2.0,1.9,5.7
Sheri,Vargas,96608978-5,6.1,2.4,3.2,5.3,3.8,4.3
Andrew,Pham,16416987-8,1.4,7.0,1.8,1.7,1.1,3.1
Rachel,Yates,40999446-5,2.3,2.8,5.2,4.5,1.8,2.9
Brandi,Reynolds,99826703-4,6.7,6.9,6.0,5.9,6.5,1.1
Christopher,Brown,72523219-3,4.7,2.0,1.2,1.6,4.9,6.6
Robert,Mitchell,54627496-0,6.5,3.4,5.6,4.6,2.3,2.9
Jason,Torres,33973482-0,1.7,1.6,5.5,2.5,7.0,6.3
Daniel,Johnson,84474578-4,3.8,2.5,5.5,4.4,3.9,3.8
Timothy,Smith,10859204-0,1.1,3.1,6.0,5.7,3.6,2.3
Jeffrey,Williams,65600149-7,4.1,6.6,4.9,5.0,4.2,3.2
Shawn,Williams,23228709-3,6.8,1.4,3.0,1.5,5.6,5.5
Vanessa,Dunlap,93138215-2,4.0,5.0,4.4,1.3,2.6,5.8
David,Mercer,90005510-4,2.0,5.1,4.9,1.4,4.6,5.4
Amanda,Mccullough,62993307-9,2.9,6.5,3.5,6.3,3.7,5.2
Michael,Cohen,38691562-9,2.7,6.0,5.8,2.4,2.0,5.6
Heather,Terrell,96828703-4,2.4,3.4,2.1,1.4,3.6,6.5
Melody,Robbins,80035564-8,5.5,2.4,5.7,2.3,6.1,2.1
Mark,Mueller,51706788-4,6.7,4.3,1.2,1.8,5.0,1.9
Donald,Patterson,34794888-6,2.2,5.9,6.7,3.6,6.6,1.4
Elizabeth,Hernandez,47584686-0,2.4,6.4,4.7,4.5,5.3,2.5
Mark,Forbes,61178880-3,4.9,2.1,1.8,1.6,5.6,5.2
Elizabeth,Hall,29650697-2,4.5,6.0,1.9,5.8,2.5,6.1
John,Spencer,75920829-6,6.9,4.2,6.9,4.7,2.7,2.8
Angie,Decker,37984795-5,3.8,4.9,4.4,4.8,1.8,1.1
Samantha,Johns,60346748-0,6.8,3.0,4.3,5.3,2.5,3.2
Kimberly,Taylor,59795861-9,2.8,2.7,6.2,3.8,1.7,5.6
Kimberly,Le,24730207-9,2.6,2.8,3.1,5.7,3.2,3.6
Vanessa,Taylor,59733603-1,2.7,6.2,5.8,2.7,2.6,6.4
Alicia,Martinez,51057604-6,1.2,7.0,4.3,5.6,3.4,5.7
Elizabeth,Petersen,28887341-2,6.8,1.3,2.7,3.3,2.9,4.3
Katherine,Stewart,43754211-2,4.5,5.8,1.3,4.9,2.1,4.7
Barbara,Smith,69906679-9,5.5,6.2,6.4,6.4,2.6,6.3
Cameron,Medina,83093437-3,3.4,5.3,1.2,4.4,5.5,1.0
William,Sanford,29911356-2,3.5,6.3,2.1,6.5,3.0,4.2
Leslie,Bentley,13238734-8,1.3,6.4,2.2,6.5,4.8,4.7
Stephanie,Harris,73501891-1,3.1,2.2,4.8,5.4,1.3,4.9
Michael,Williamson,49666505-4,4.8,3.0,3.4,1.3,5.0,2.3
Robert,Shaw,79042889-6,4.2,1.5,3.6,4.3,6.4,5.5
Aaron,Hill,60679332-0,4.1,1.4,5.9,4.2,5.5,6.3
Carla,Williamson,48709702-1,6.3,3.0,2.6,4.9,6.3,3.7
Julie,Gonzalez,52608930-9,4.4,6.1,3.5,4.9,6.1,2.0
Eric,Williams,52868230-2,5.1,6.8,4.5,6.3,1.1,4.1
Tammy,Jones,98852733-6,6.4,5.3,1.7,1.1,3.0,3.5
Christopher,Anderson,28374869-2,6.7,5.4,3.7,5.0,3.3,2.5
Tammy,Navarro,72791797-0,1.3,3.2,6.0,2.0,2.3,6.0
Barry,Johnson,14398159-5,6.9,3.6,5.1,1.5,5.7,2.6
Ernest,Moss,11230456-6,6.7,5.0,5.5,1.7,5.6,2.2
Laurie,Cook,39739781-8,5.9,3.8,6.4,3.5,1.3,3.5
Clinton,Whitaker,25935315-3,3.6,3.0,5.8,6.4,3.7,4.1
Ryan,Villegas,13762783-5,2.9,3.6,1.7,6.4,3.8,6.2
Kathleen,Martinez,86895759-1,6.0,1.4,4.0,5.8,2.1,4.8
Janet,Cunningham,49508071-6,6.7,3.9,3.3,3.2,6.2,6.4
Brian,Dunn,48568933-4,2.2,5.3,5.8,5.2,5.2,6.6
Joseph,Wilson,24817305-3,3.1,4.2,4.3,2.6,5.0,5.4
Laura,Hunter,67605040-9,1.5,2.8,1.7,3.7,4.4,1.1
Richard,Wilcox,40739666-3,6.4,5.2,6.5,1.8,1.5,1.0
Edward,Morales,63953967-1,4.2,4.6,4.4,3.6,6.0,6.0
Joseph,Russell,36303393-8,1.1,5.8,1.2,1.2,6.2,1.2
Dustin,Steele,87794857-4,1.8,4.4,5.8,6.7,6.5,6.2
Jessica,Hall,34652089-3,2.1,3.1,6.4,6.5,5.0,1.0
Joseph,Sanchez,68166630-4,4.5,2.9,6.5,2.8,2.7,6.1
Glenn,Smith,83889199-2,3.0,4.1,2.4,2.9,6.2,4.6
Zachary,Collins,65165321-3,6.4,3.2,4.9,1.4,4.4,4.4
Misty,Martinez,65500403-6,1.0,3.3,3.9,6.0,4.3,2.5
Robert,Griffin,51725091-4,5.0,3.3,2.2,2.6,2.3,6.0
Robert,Jenkins,47381166-6,6.0,5.1,2.1,5.2,4.9,2.9
Robert,Alvarez,41368451-7,6.9,5.4,5.2,2.3,5.0,2.2
Brandi,Kennedy,95194754-3,2.5,1.9,4.7,2.8,4.6,3.5
Brenda,Vaughn,80002409-6,3.6,4.3,2.8,2.0,1.8,1.7
Rebecca,Hill,46242726-1,2.1,5.9,4.4,3.5,4.0,5.6
Bruce,Lee,30089583-6,3.1,4.3,4.0,5.6,6.4,4.8
Robert,Fischer,33005536-8,5.8,4.4,6.6,1.1,1.8,1.0
Matthew,Hudson,11161711-8,5.6,2.5,6.9,3.1,1.4,4.7
Cameron,Roberts,92670490-2,4.5,1.7,6.7,2.4,5.1,6.9
Peter,Freeman,77028028-3,1.9,1.2,4.3,6.5,6.7,4.5
Nicole,Rios,32428075-7,1.6,3.8,4.2,3.7,5.4,3.5
Stephanie,Mckinney,63519136-6,6.2,4.1,3.3,5.8,3.4,4.0
Allison,Nelson,35131702-9,2.7,5.6,5.3,5.5,2.5,5.2
Jacqueline,Mcdonald,30485024-7,1.5,6.9,2.3,1.1,3.9,2.1
Jessica,Anderson,48863031-8,3.1,1.0,5.6,6.6,4.0,6.2
Rachel,Duncan,80754189-3,6.5,5.2,6.5,2.8,5.2,5.7
Patrick,Lloyd,51648057-7,6.5,6.1,3.9,6.6,2.7,4.4
Michael,Whitaker,18566770-2,2.6,2.0,5.3,5.7,2.6,5.8
Joshua,Jones,10308906-1,6.9,4.8,5.2,2.8,2.0,5.2
Sheila,Hill,57170923-0,6.4,5.4,1.2,2.9,2.7,4.8
Melanie,Ball,88015656-0,6.4,4.2,6.5,6.1,2.1,1.3
Amanda,Holloway,14265084-1,1.0,3.5,6.2,1.7,1.1,2.4
Matthew,Brown,42591272-0,4.5,1.2,4.1,5.0,3.3,3.1
Jacqueline,Mack,11998460-9,5.2,2.9,3.5,1.2,4.5,6.3
Jared,Kramer,44472424-4,2.0,6.1,2.5,4.7,4.3,2.9
Benjamin,Graham,20586004-7,2.7,6.0,4.2,3.0,6.8,1.6
Edward,Lee,80897804-1,2.2,3.3,6.3,2.9,4.7,6.5
Brandon,Mills,67212132-5,5.1,6.4,5.0,4.6,6.8,1.9
David,Rios,84571779-1,2.5,1.9,5.8,6.7,6.2,1.7
Justin,Mosley,33393655-0,6.8,3.3,6.1,1.7,6.9,2.9
Michael,Mcfarland,37655849-1,6.1,3.7,5.6,1.6,2.7,5.1
Anita,Foster,94709455-2,2.5,2.9,2.2,4.7,2.0,4.6
Thomas,Dawson,53693329-5,2.8,6.3,6.9,5.8,1.2,5.8
Thomas,Daniels,94320167-0,6.6,2.4,2.8,5.1,1.7,6.5
Phyllis,Solis,15701733-3,1.2,1.9,6.2,6.7,1.9,4.8
David,Weber,69473480-5,6.3,4.0,4.6,7.0,6.8,5.1
Mary,Williams,16259749-4,1.2,2.8,3.4,1.2,4.5,6.8
Lindsey,Dillon,39052584-6,5.5,2.8,3.5,3.1,5.4,2.6
Brandon,Patterson,34228254-6,4.6,6.1,5.9,2.9,6.9,1.5
Nicole,Bell,76173008-3,4.2,2.6,4.6,2.1,2.8,2.7
Richard,Lee,24981492-2,4.0,3.1,3.6,5.0,3.7,3.9
Lori,Banks,73826523-1,5.2,4.9,1.6,2.4,4.4,6.4
Whitney,Reese,44861675-8,2.6,3.5,1.9,3.0,6.3,2.8
Jacob,Tate,90113912-0,5.8,1.6,6.9,4.1,6.4,1.3
Jennifer,Anderson,41290193-8,6.7,3.4,2.0,2.9,5.8,2.2
Dylan,Graham,67375416-1,2.7,5.7,4.7,5.2,1.3,3.3
John,Stevens,25544128-8,2.5,2.9,6.0,5.7,1.1,3.3
Shawna,Davis,16401177-5,5.2,2.7,5.5,5.1,3.9,3.3
Stephanie,Fisher,97613493-8,3.6,3.7,3.6,3.5,1.4,5.3
Wendy,Walker,67338983-8,2.0,4.6,4.6,5.0,1.3,2.7
Lynn,Martinez,69156562-2,6.8,5.7,4.6,6.3,4.3,1.8
Ricky,Rogers,87967596-8,1.1,2.4,1.1,4.2,2.3,5.8
Kristy,Liu,25677985-6,4.5,5.0,1.1,5.0,4.1,6.0
Morgan,Davies,39043730-7,4.0,3.3,6.4,5.6,2.6,3.2
Ronnie,Lopez,44128307-6,1.8,3.8,4.1,4.9,5.2,2.9
Jeffrey,Ibarra,60686692-3,2.2,6.4,5.8,2.3,3.9,1.9
Eric,Gomez,91831188-5,2.7,1.6,4.0,1.3,2.3,3.8
Maria,Mcdonald,43645403-3,6.6,2.2,1.5,6.6,1.7,2.2
Bryan,Gomez,92209175-6,4.3,6.2,2.3,6.0,2.2,1.7
Francisco,Williams,62001512-5,2.8,4.5,5.0,6.1,6.0,3.1
Brian,Ruiz,40085612-3,1.1,6.0,5.2,5.7,5.4,2.1
Alice,Hernandez,24187132-3,6.5,2.4,6.0,2.9,6.9,3.6
Eric,Hall,34405723-4,5.4,4.2,4.3,6.4,3.4,3.2
John,Myers,17637331-5,5.1,4.7,2.7,1.8,2.0,3.7
Michael,Grant,36879330-4,4.7,4.2,4.8,3.4,6.7,1.3
Paul,Ruiz,69735558-6,3.7,1.5,6.5,4.5,5.3,1.7
Katie,Guzman,33875575-2,3.2,2.4,6.3,4.1,6.2,5.2
Charles,Smith,56378418-1,1.5,3.1,2.7,4.3,2.8,5.7
Melanie,Livingston,64621069-0,4.5,4.5,4.5,3.6,5.9,6.5
Eric,Johnson,74941393-5,3.5,4.7,6.7,4.6,5.0,2.1
Kelli,Jackson,93127262-6,2.3,1.3,4.8,5.4,4.1,4.6
Laura,Stone,83949657-9,1.3,3.7,3.6,6.6,6.3,4.1
David,Turner,72724498-4,3.8,1.2,2.2,2.3,4.9,4.6
Andre,Green,30463070-9,1.9,1.9,5.6,6.5,1.7,3.3
Donald,Gonzalez,55663430-0,3.6,3.5,5.1,3.2,2.9,1.5
Dylan,Mejia,61847945-6,6.4,1.7,3.9,5.6,6.9,3.8
Cynthia,Ray,40420511-8,6.2,6.5,6.2,6.0,4.5,6.1
Lydia,Murphy,40880785-7,6.9,4.9,1.5,5.1,2.6,1.9
Natasha,Myers,51861277-4,4.9,4.8,1.7,5.1,1.6,6.8
Brandon,Small,95324855-4,5.8,4.6,4.3,3.3,1.7,5.1
Melanie,Espinoza,96999653-4,1.7,3.3,6.7,5.2,5.4,2.9
Regina,Garcia,90057682-5,2.7,3.7,4.4,3.2,3.2,5.8
Joshua,Parker,84992343-3,4.2,2.2,3.5,4.4,3.6,3.5
Bianca,Mcintyre,51612402-4,6.1,6.2,2.7,3.5,6.2,4.7
Christopher,Ruiz,55138791-4,3.7,5.8,5.4,6.5,6.9,6.7
Jasmine,Kaiser,67731689-0,5.8,2.4,2.3,5.4,1.7,6.1
Katelyn,Shaw,90515426-5,6.8,2.2,2.8,6.6,5.7,2.2
David,Garrett,19212097-7,3.1,2.2,2.9,4.1,1.7,2.6
Daisy,Lewis,42086084-2,1.9,1.7,4.9,5.0,6.0,1.3
Matthew,Whitaker,54281684-7,4.8,6.9,4.2,6.4,2.9,3.2
Elizabeth,Guerrero,54650270-9,2.0,4.2,5.5,4.8,2.1,4.8
Lisa,Walker,90946765-2,3.7,2.9,5.0,6.5,6.2,5.1
Lisa,Hernandez,32078898-7,5.8,4.3,5.1,6.6,5.9,5.6
Maria,Wallace,62202531-1,6.4,5.1,6.1,6.0,3.4,3.4
Gerald,Ware,40336475-2,3.1,1.7,4.3,6.6,6.5,4.4
Jennifer,Maynard,18350000-9,2.2,1.9,3.0,7.0,5.7,6.7
Elizabeth,Lee,34467697-6,3.4,1.5,7.0,1.4,2.5,2.2
Christina,Joseph,16293871-1,3.9,1.7,1.9,6.3,4.2,1.7
Shane,Spencer,83467923-3,1.0,4.0,5.8,5.2,4.6,1.1
Michael,Clarke,60751106-8,4.7,2.3,5.5,1.5,5.7,4.1
Ryan,Thomas,74525384-7,5.4,6.1,3.2,6.9,2.5,2.1
Clinton,Sanchez,94306810-5,6.9,5.1,6.4,4.7,1.2,5.8
Chad,Brown,94157204-9,1.8,4.3,1.5,1.7,5.6,6.8
Christine,George,25251612-7,6.4,4.1,4.9,1.4,4.3,5.1
Jon,Mccormick,10516821-9,6.3,5.9,3.3,2.8,6.0,3.1
Anthony,Parks,39893512-2,6.9,4.5,4.1,3.2,1.2,3.1
Maria,Hunt,32242264-6,4.6,5.1,1.8,5.5,2.4,1.6
Eric,Park,44223667-3,6.5,4.7,1.6,1.3,4.5,1.0
Kathleen,Porter,74006478-3,3.4,3.9,2.4,3.3,4.0,4.9
Tammy,Silva,25067982-8,5.2,2.6,1.1,4.4,6.7,5.1
Paul,Johnson,60637642-9,6.3,4.6,3.2,6.4,4.6,2.8
Cheryl,Robinson,52448212-6,4.3,3.3,5.9,6.2,4.8,5.4
Randy,Smith,41143114-0,4.5,1.5,5.6,5.7,6.7,3.9
Christina,Gilbert,92852951-3,1.2,2.0,5.9,1.0,1.6,4.2
Summer,Harper,59416745-6,1.2,1.4,4.2,1.8,3.4,4.5
Kimberly,Burns,94635102-0,1.8,4.1,3.1,2.0,6.5,4.0
Nicholas,Foley,87222098-0,3.7,2.0,1.9,2.2,5.6,1.8
Autumn,Hughes,43545264-5,5.4,6.6,6.6,1.4,2.6,5.8
Kelly,Coleman,27516144-2,4.0,3.9,3.0,4.7,6.3,3.9
Kathleen,Roach,69505785-2,1.2,2.9,2.3,5.0,2.1,1.6
Audrey,Mathews,62649862-5,1.8,4.5,3.9,6.6,5.2,1.0
Tyler,Carr,55494678-0,5.0,1.6,3.8,4.8,5.1,5.4
Anna,Thomas,88028419-2,1.8,3.8,1.4,3.8,6.0,5.7
Angelica,Arroyo,89689452-3,6.7,1.4,3.9,2.5,3.6,5.2
John,Clay,35677627-0,5.8,6.5,4.9,1.5,6.0,1.5
Mallory,Anderson,87735962-8,6.8,2.4,5.3,1.4,3.4,6.3
Sarah,Santiago,98783878-2,1.4,3.0,3.9,3.6,1.7,1.3
Terry,Herman,30761657-8,3.4,1.9,2.5,3.5,1.2,3.9
Annette,Mitchell,26089227-0,1.4,2.9,5.2,3.7,1.3,4.9
Jennifer,Smith,39696963-3,5.2,5.6,1.6,1.9,1.2,6.2
Patricia,Khan,93221126-7,6.6,4.3,5.3,6.2,6.0,5.2
Glenda,Bell,96849531-6,2.4,1.3,3.8,2.3,3.0,5.4
Rebecca,Wright,89507769-3,5.4,2.7,3.2,6.4,2.8,5.8
Bryan,Ross,40207581-2,1.0,1.1,1.4,3.9,1.5,4.0
Tyler,Phillips,23894057-7,4.0,1.2,3.1,2.1,1.6,2.4
Christine,Cruz,35687242-2,3.3,5.3,6.5,6.2,3.5,2.0
Kenneth,Austin,46083010-4,5.9,6.8,2.1,3.5,6.9,1.7
Emily,Brown,52739135-4,4.1,5.4,6.9,6.2,6.7,6.8
Paula,Nguyen,39087700-4,4.2,3.7,5.6,1.7,1.8,2.3
Mindy,Anderson,31686902-9,3.6,3.3,3.0,5.9,3.3,4.7
Heather,Tucker,67329109-9,1.6,5.5,5.6,5.1,1.8,5.6
Anthony,Bennett,69119680-2,6.8,4.7,1.7,6.8,2.1,1.7
James,Maddox,32620567-9,5.2,3.4,5.2,6.8,3.7,5.2
Jorge,Bernard,24933923-7,4.0,1.5,3.6,4.5,7.0,4.2
Heidi,Sanchez,33093843-7,1.4,3.2,2.2,1.7,6.5,1.5
Michelle,Clark,94521467-3,4.0,1.3,3.3,6.5,7.0,1.2
Cindy,Hester,71360201-6,2.7,4.3,4.1,6.3,4.1,4.5
Patricia,Horton,19019041-2,5.6,2.4,3.0,3.0,6.8,1.9
James,Howell,87961804-4,6.1,1.9,4.3,6.1,3.2,3.8
Mary,Solis,52078589-2,3.7,1.3,3.4,2.2,2.9,6.8
Anthony,Chapman,67643249-9,3.4,6.7,5.1,5.0,4.5,4.4
Donna,Fox,79029083-6,6.2,5.8,1.1,6.4,4.4,2.1
Marc,Schneider,50072729-7,4.2,2.0,5.3,1.9,2.6,5.8
Ashley,Frank,68502332-5,3.1,1.3,5.5,4.7,2.7,3.3
Sheila,Horton,16052837-2,5.8,6.2,4.7,2.2,2.1,4.3
Nicole,Little,45189324-8,6.4,3.4,5.5,2.2,2.3,3.5
Douglas,Carson,86313077-0,6.2,6.4,2.1,1.4,6.4,3.7
Angela,Payne,89443552-8,3.3,4.5,4.6,1.9,3.2,6.7
Danielle,Johnston,62863660-2,5.5,5.4,5.4,3.7,4.8,5.8
Robert,West,44500985-8,2.1,6.2,5.7,5.8,5.4,6.7
Jacob,Smith,58063088-6,3.7,6.7,4.2,4.7,6.7,3.1
Kathy,Greene,92818645-6,1.6,2.7,5.2,4.2,4.4,6.2
Corey,Stuart,16596398-4,6.6,1.4,3.1,5.0,3.2,2.9
Jessica,Jennings,62970390-6,2.4,6.8,5.6,5.2,6.7,1.2
Jody,Nicholson,97463554-8,2.8,1.9,5.2,5.5,1.5,3.7
Rachel,Ray,49097975-3,4.4,3.8,3.2,4.0,4.8,3.4
Laura,Lucas,55065095-9,1.8,1.8,3.7,4.2,1.9,3.1
Ryan,Perry,86329330-9,5.6,5.2,3.0,5.8,5.6,2.1
Julie,Gaines,66225742-6,6.5,3.6,1.8,4.9,3.0,6.2
Marcus,Fisher,58839925-5,6.5,1.5,3.8,3.7,4.8,2.1
David,Adams,82990367-1,3.0,1.1,7.0,4.3,1.1,2.1
Samantha,Romero,89472023-2,4.8,6.4,5.6,2.7,2.8,3.7
Samuel,Campos,77036262-3,4.1,4.2,1.6,6.9,5.1,5.6
Rachel,Hernandez,31080733-8,5.0,5.8,1.5,6.5,1.9,5.4
Brittany,Nichols,47104038-1,2.9,6.9,3.1,1.0,1.4,5.0
Robert,Myers,21300653-4,3.5,1.5,3.6,3.7,6.1,2.4
Jacqueline,Hughes,99645686-4,3.3,5.9,3.3,5.7,5.6,4.9
Michele,Lambert,72480234-3,2.9,6.1,1.4,1.9,1.1,6.8
Lindsey,Davis,87979399-6,4.8,2.3,4.1,2.3,6.5,5.1
Jennifer,Fisher,28561073-7,6.6,7.0,4.2,5.8,3.9,3.9
Leslie,Davis,60250878-3,5.9,4.1,2.1,1.7,5.1,4.3
Christine,Collier,81192536-8,2.4,3.2,4.9,6.1,4.6,5.6
Natalie,Wallace,51646782-1,1.5,5.4,5.1,6.8,1.3,4.4
Rebecca,Alvarez,38402004-2,1.8,3.7,1.8,4.3,3.3,4.0
Raymond,Nguyen,85940681-4,6.1,4.2,2.2,6.8,4.6,6.4
Christopher,Solomon,12908967-1,2.4,4.5,2.9,3.4,3.4,4.3
Cynthia,Bryant,98295288-7,1.9,5.6,1.1,6.7,2.4,5.4
Sara,Christensen,13142345-1,1.8,3.3,3.3,3.1,1.8,3.8
Katherine,Park,45186440-1,3.7,5.2,4.3,4.9,5.8,4.5
Karen,Walters,67873167-1,5.5,2.2,2.9,4.0,6.0,1.1
Aaron,Warner,95428333-1,3.6,4.3,4.5,5.8,4.1,3.9
David,Davis,90168480-5,1.8,5.7,5.5,3.5,2.7,6.5
Kyle,Lewis,59344154-9,3.3,5.3,1.0,3.5,1.2,6.0
Eric,Williams,23710562-5,4.5,4.9,5.0,5.2,4.9,2.4
Chelsea,Tucker,85552359-6,6.4,3.4,4.3,6.3,1.8,1.9
Scott,West,90197075-5,6.5,1.2,2.8,3.5,4.0,6.4
Jessica,Coleman,66014118-3,4.4,6.1,3.7,1.8,5.4,4.6
Maria,Jordan,26159361-6,6.6,3.2,4.8,6.4,6.9,3.6
Brian,Williams,47367952-1,1.4,4.3,4.4,5.4,5.1,1.3
Christopher,Greene,17176920-2,2.0,1.9,5.8,5.0,1.7,1.1
Matthew,Butler,43121270-1,3.4,6.9,1.7,1.5,1.8,3.7
Jonathan,Bennett,90515164-8,3.7,6.3,6.2,5.3,2.5,4.4
Eric,Harrison,17581267-2,3.8,6.3,1.5,2.0,6.9,3.8
Alexander,Chaney,91636759-8,4.7,5.9,3.2,3.9,1.8,3.7
Randy,Hughes,54923536-3,4.2,7.0,5.3,4.0,2.8,6.7
John,Green,52417952-9,6.9,5.8,6.6,6.8,2.6,5.9
Amy,Young,82493782-7,3.0,2.6,3.0,5.6,5.6,6.4
Kathy,Lane,10632171-0,3.6,2.8,1.7,2.2,2.3,6.3
Christine,Martinez,60761399-3,6.9,1.7,4.1,3.1,6.6,1.1
Danielle,Shaw,37309877-0,1.5,3.3,6.9,5.6,3.4,5.7
Logan,Welch,75852819-6,4.7,3.2,4.2,7.0,6.1,6.2
Craig,Juarez,78419535-2,5.1,2.1,4.6,4.9,3.6,3.6
Kelly,Walter,55539143-1,4.3,5.2,5.4,6.7,2.7,1.3
Karina,Barber,97637151-3,1.2,5.7,2.4,2.2,1.0,1.5
Jay,Gordon,95572239-1,1.4,2.9,2.6,1.8,3.0,5.3
Amy,Scott,18943324-1,1.6,5.2,2.2,6.8,2.0,1.5
Tim,Johnson,16670089-2,6.7,3.3,5.4,4.7,6.0,5.8
Charles,Hernandez,49504053-1,4.0,3.7,2.0,6.6,5.7,1.4
Renee,Morales,46723287-9,5.4,4.1,6.1,2.2,2.6,2.5
Sarah,Johnson,63737369-1,5.9,6.4,2.1,1.6,1.0,5.7
Shelly,Brown,23811007-7,6.7,3.3,5.3,7.0,4.6,2.8
Benjamin,Wagner,40584519-9,6.6,4.6,6.4,3.8,4.1,1.3
Christina,Nguyen,77038437-6,6.4,5.3,2.6,5.0,3.2,5.5
Amy,Boone,25585755-5,4.0,6.0,6.0,5.9,2.8,2.2
Kelsey,Holmes,37040309-3,2.6,6.5,5.8,4.5,1.2,6.1
Angela,Glenn,38991372-9,1.8,2.5,3.2,4.4,6.0,5.2
Jason,Braun,10621480-9,6.9,2.4,6.9,3.4,3.5,3.3
Jeffrey,Moss,25306248-0,4.1,1.2,3.1,3.4,5.7,3.2
Kendra,Copeland,51410854-9,4.0,4.9,1.0,5.7,2.1,5.7
Matthew,Lewis,36677234-5,1.8,2.5,6.1,3.5,3.0,3.6
Mary,Frazier,62339465-6,5.5,4.6,3.9,3.1,2.1,7.0
Michael,Thornton,16732959-2,1.1,3.9,3.8,1.5,1.2,1.0
Rhonda,Branch,54522097-5,3.6,4.5,4.7,3.1,1.2,1.6
Jacqueline,Robertson,88340199-4,4.9,6.6,6.2,6.0,6.4,2.7
William,Lewis,21828916-2,3.7,2.8,1.9,4.2,2.4,5.3
Angela,Ryan,21591054-0,6.1,4.7,5.3,6.8,2.9,2.2
Jasmine,Alexander,32467611-7,3.6,3.1,2.6,4.7,6.1,4.0
Nicole,Wilkinson,26893330-2,4.7,4.4,1.2,1.2,2.0,4.1
Thomas,Castillo,70797574-8,4.9,2.2,5.7,6.8,1.4,2.7
Amanda,Smith,28415633-0,2.2,6.4,4.3,2.3,3.2,6.8
Ryan,Wiley,52180474-4,2.4,6.2,1.6,1.6,1.8,4.7
Alyssa,Ross,10598980-8,1.3,3.8,2.2,2.2,3.8,3.7
Sheryl,Mcintosh,62440332-4,4.0,1.7,3.3,3.6,6.7,6.6
Mikayla,Skinner,89718989-6,5.1,1.3,4.1,7.0,5.6,4.8
Kimberly,Payne,79724746-9,6.6,2.0,6.3,4.0,3.8,2.6
Sheila,Williams,59751033-4,5.9,1.7,3.6,2.9,1.7,6.6
Denise,Robertson,28155276-8,4.0,2.5,1.7,5.4,5.9,6.4
Stacey,Wilson,71553649-1,5.3,3.1,5.3,5.2,5.6,6.5
Makayla,Wilson,84666297-7,5.3,3.5,2.0,2.4,2.0,3.6
Jeremy,Snow,76776375-8,1.9,6.5,1.9,5.1,2.8,3.5
Tiffany,Cunningham,39791357-5,1.8,5.4,3.2,4.6,4.4,3.6
Jessica,Ferguson,18583482-8,2.4,5.4,1.2,3.1,5.9,5.6
Robert,Kelley,30049423-2,3.6,2.4,4.3,6.6,1.7,5.3
Stacy,Campbell,74924249-5,3.6,2.8,2.4,1.1,4.9,6.4
Susan,Johnson,91789483-6,3.8,1.2,4.1,4.6,4.5,5.9
William,Scott,12575052-8,1.5,4.6,6.7,4.1,1.5,3.5
Ashley,Lewis,31031437-1,2.3,3.3,3.8,1.5,4.7,1.9
Shirley,Phillips,92022194-3,1.7,1.7,1.1,1.7,5.8,3.2
Kathleen,Wilson,71890191-4,3.0,4.7,1.1,4.9,6.4,2.2
Troy,Pratt,60611209-3,6.6,6.1,4.2,4.8,2.1,4.7
April,Lewis,59001569-6,4.5,1.5,7.0,1.6,5.6,3.8
Betty,Graham,90886426-6,3.5,5.8,6.2,4.2,6.9,2.9
Michelle,Baker,34506083-1,6.2,1.4,6.4,5.5,1.7,3.8
Zachary,Davidson,29348211-0,3.5,1.7,6.0,4.5,3.6,1.1
Jeffrey,Kirk,37165344-9,5.7,1.1,6.6,4.6,3.6,6.8
Pam,Decker,66412508-1,2.2,7.0,6.4,5.9,2.2,2.5
Kathryn,Holmes,81832980-6,4.7,3.5,6.2,1.7,1.3,6.3
Scott,Rodriguez,85351343-8,6.1,2.9,1.2,5.1,6.5,6.0
Sarah,Sweeney,56755889-0,2.6,5.0,6.0,4.4,6.2,4.9
Bobby,Hernandez,42070057-1,1.6,2.7,3.3,4.3,1.8,5.2
Katherine,Brown,66616736-8,2.7,5.0,2.0,2.9,3.4,1.6
Brian,Gomez,65882672-0,4.7,2.7,5.4,3.2,6.6,3.4
Deborah,Gray,28995448-9,3.7,3.5,4.8,4.2,5.4,2.1
Joseph,Romero,69732303-6,3.2,6.8,6.6,4.8,5.2,6.2
Emily,Dunlap,69058644-8,4.6,1.6,2.9,1.2,5.2,2.6
Matthew,Kim,15709392-0,4.7,3.2,5.6,5.3,2.8,2.2
Robert,Perkins,98921079-5,1.7,2.5,6.5,1.9,4.1,5.2
Angela,Anderson,76625789-3,1.9,3.0,1.4,1.3,3.5,2.5
Rebecca,James,29148763-2,4.9,1.6,2.2,2.3,1.2,1.5
Dawn,Rodriguez,54532292-8,5.8,3.5,5.4,4.9,3.2,4.6
Michelle,Parrish,95373312-4,5.0,4.2,4.0,4.8,3.0,1.4
Steven,Koch,26798182-9,2.2,4.3,6.0,4.1,3.9,6.0
Renee,Clark,33445867-9,1.1,5.0,2.2,2.2,3.6,2.7
Michele,Woodard,51202260-3,2.4,3.7,3.3,6.7,2.7,2.6
Lauren,Nguyen,17693316-1,5.3,3.3,6.4,3.2,1.9,6.6
Bridget,Calderon,92586940-7,4.8,6.5,5.4,2.1,6.0,1.8
Jennifer,Ponce,14296620-1,2.3,6.2,1.9,6.7,1.1,4.1
Angela,Harvey,63230996-2,3.9,1.4,1.0,2.8,2.6,3.5
Scott,Murray,26476542-7,3.2,6.0,3.3,3.0,6.3,5.2
Mary,Torres,51148674-6,2.0,3.3,3.2,1.8,1.0,5.2
William,Wallace,65158566-6,4.7,6.0,6.0,6.1,3.4,6.1
Donna,Carlson,91683296-2,4.7,4.9,2.1,6.3,4.1,6.5
Kelly,Rogers,25957490-6,5.4,1.4,6.5,5.0,4.1,4.4
Eric,Torres,10678227-4,1.6,3.0,2.0,3.6,5.7,5.6
Emily,Hood,75392353-4,5.9,4.4,3.5,2.7,1.2,4.2
Charles,Miller,25550515-9,3.3,4.4,4.7,3.2,6.1,1.3
Shane,Bowman,63379584-2,3.6,3.4,3.4,2.3,1.3,5.6
April,Wallace,32286478-3,6.3,5.3,2.6,6.0,1.3,1.1
Shannon,Lewis,20687030-4,3.2,5.6,6.8,6.0,3.9,3.4
Steven,Hoffman,51453620-2,4.2,1.4,2.4,6.6,6.0,3.9
Peggy,Shea,24005608-0,2.3,5.3,5.6,4.0,2.3,3.1
Eric,Clark,83373715-5,6.3,3.6,1.4,3.3,1.4,3.5
Travis,Peterson,19739256-6,2.3,4.4,2.8,2.7,2.4,4.1
Brittany,Richardson,45628210-2,2.5,6.3,3.7,4.3,2.6,6.6
Michelle,Morse,46875799-1,4.7,6.4,6.7,5.3,4.1,6.3
Grace,Larsen,18250298-3,3.8,5.9,2.5,5.2,5.0,3.7
Jeremy,Miller,74043858-0,3.3,3.6,3.5,3.8,3.3,6.7
Paul,Wells,47073416-4,2.9,2.7,6.3,4.9,5.6,3.2
Jesus,Hoover,36153958-2,3.0,3.8,6.3,5.6,5.1,3.1
Ryan,Miller,91547106-9,5.5,2.5,2.2,4.4,3.5,6.0
Jennifer,Garcia,92969624-5,5.0,6.2,3.7,2.0,5.9,4.2
Sheila,Miller,89744924-3,5.8,4.7,3.8,5.8,5.3,5.2
Michael,Kelly,77399781-9,5.8,6.2,4.0,2.3,6.5,3.1
Linda,Hernandez,87782165-5,6.7,2.2,6.8,5.7,4.0,5.4
William,Wood,60632931-0,3.4,4.4,1.1,6.8,2.8,3.9
Dennis,King,97934987-7,6.7,2.4,1.5,6.1,5.7,5.4
Brian,Valdez,36897709-0,6.3,6.2,6.6,3.2,1.1,6.2
Elizabeth,Watkins,22269646-5,4.4,3.6,4.4,3.8,2.6,3.9
Jason,Yoder,76333111-9,6.7,4.6,1.7,3.3,3.9,2.8
Corey,Warren,51846862-4,3.1,2.9,5.1,6.4,4.0,4.2
Nathan,Rodriguez,74921545-9,5.2,5.7,2.4,3.3,4.8,1.8
Charles,Schultz,38209910-5,6.6,1.1,4.8,1.3,3.1,1.4
Tracy,Carpenter,95507153-9,6.5,3.7,4.1,5.7,1.2,6.9
Erin,Ibarra,34081016-2,5.0,6.9,5.1,6.7,5.7,1.9
Ronald,Alexander,86671007-9,5.2,3.6,6.1,1.8,5.2,2.9
Taylor,Cooper,45210586-7,6.6,2.7,4.8,3.2,2.2,6.8
Gregory,Decker,38448563-4,4.0,4.4,3.1,3.0,4.8,1.7
Shane,Perez,14436070-8,1.5,5.5,4.2,4.3,2.1,3.6
Chad,Johnson,74834489-4,2.0,1.5,5.5,3.2,2.4,4.9
Christopher,Price,70497370-2,4.5,3.0,2.5,4.1,3.6,4.0
Stephanie,Williams,97295918-1,6.6,1.8,5.7,6.5,6.9,6.2
Michele,Shaw,13338032-7,3.6,6.4,5.5,1.9,7.0,6.4
Victoria,Myers,36282868-0,5.5,3.3,6.6,6.6,4.5,3.1
Robert,Willis,77741464-0,6.4,6.6,3.6,3.7,4.0,5.8
Robert,Howard,38155647-8,2.2,4.1,1.1,1.5,3.9,2.1
Peter,Scott,77949637-2,5.9,3.6,5.1,2.3,5.3,6.8
Carol,Jones,47794339-6,4.8,5.7,6.4,3.4,4.5,4.7
Denise,Grant,63156889-4,2.5,6.4,1.8,3.3,1.2,5.4
Gabriel,Cruz,19807752-5,4.7,3.9,3.6,6.4,2.8,4.9
Leah,Jefferson,52797894-5,5.3,2.1,3.9,2.6,2.2,3.1
Paula,Jimenez,93843717-4,1.5,1.1,2.9,4.6,5.1,5.8
Omar,Shannon,27735551-1,6.9,5.5,4.3,4.6,2.6,5.0
Christina,Tran,32747682-7,5.9,4.1,2.8,6.0,4.2,4.8
Timothy,Lopez,30368527-9,6.1,2.0,3.3,6.7,1.5,6.1
Bryan,Cline,93000502-8,2.5,6.8,2.9,3.1,2.1,2.4
Jessica,Combs,49210273-1,6.3,2.1,6.6,3.4,2.4,5.4
Aaron,Mann,87415076-5,1.7,1.2,5.6,4.2,1.7,1.1
Kenneth,Allison,35688480-4,6.5,4.4,6.5,1.7,3.8,2.7
Amanda,Thompson,86598296-7,6.2,2.0,1.9,3.7,6.2,6.5
Stephen,Webb,43848264-1,2.3,4.1,6.8,4.0,4.7,4.0
David,Parker,21120279-6,5.3,6.2,3.3,3.1,4.0,4.6
Sharon,Collins,28934663-3,5.7,5.7,4.7,4.5,3.7,5.5
James,Jones,12576886-2,6.5,3.2,4.4,2.0,3.3,5.6
Brian,Brown,70999052-0,4.8,5.8,5.9,3.1,4.5,4.7
Maria,Beltran,36000235-4,3.0,3.7,1.8,2.9,4.8,5.0
Tammy,Jones,87312968-2,5.7,6.1,5.5,5.7,3.2,5.2
Tammy,Brock,17022282-0,4.8,2.7,6.8,2.9,2.3,5.8
Damon,Lopez,24279907-1,5.0,4.9,4.9,1.4,1.6,6.2
Stacy,Jennings,65976377-5,5.8,2.4,6.9,1.4,5.6,6.3
Robert,Abbott,11163429-0,5.2,1.5,5.0,6.7,6.7,6.8
Jennifer,Mack,63268864-5,2.6,3.4,1.1,1.0,5.8,2.4
David,Farrell,40640321-1,3.9,5.1,2.5,2.5,3.0,5.7
Christopher,Underwood,71758789-2,2.9,1.7,6.6,3.6,5.4,6.3
Stephen,Mckenzie,25502389-7,2.8,4.4,6.7,3.5,2.5,1.6
Erin,Schmidt,78485784-3,4.9,2.6,3.5,5.1,4.6,4.7
Kathryn,Mccall,93604264-9,6.6,3.4,3.1,1.5,6.7,5.2
Janice,Gay,10134606-8,4.1,5.3,3.4,4.2,4.2,2.1
Thomas,Reid,96164419-7,1.5,6.2,3.1,3.3,5.0,2.1
Jessica,Dean,86157899-8,2.3,3.6,3.3,3.4,4.2,1.1
Jessica,Gonzales,47639511-3,2.0,1.5,1.9,2.4,2.1,5.7
Melissa,Taylor,98238819-0,1.2,5.5,4.4,4.2,5.0,1.9
John,Hancock,30250263-1,6.8,6.6,3.8,5.9,4.5,5.6
Tanya,Torres,53327914-3,3.0,2.4,4.5,1.1,1.3,3.3
Frank,Hill,11614627-6,5.4,4.4,3.6,5.1,6.4,3.1
Kevin,Moon,68149254-0,3.3,5.9,6.2,5.7,2.1,4.4
Linda,Clay,24125833-8,4.4,6.6,3.1,3.7,3.1,1.6
Tyler,Bell,10389841-5,2.6,2.3,2.4,5.7,5.2,4.2
Thomas,Hurley,64905431-9,1.1,1.1,5.8,3.8,5.8,3.9
Bryce,Henderson,60158097-7,6.2,1.8,1.5,4.9,2.0,5.2
Sally,Lane,81413645-5,3.0,5.4,6.7,6.3,1.7,6.2
David,Sims,40695802-2,1.2,4.4,7.0,5.9,6.9,6.1
Felicia,Schneider,86736625-5,2.3,5.9,5.1,6.0,5.6,4.4
Elizabeth,Taylor,45901676-8,1.7,1.6,5.9,2.7,3.5,5.9
Jill,Gutierrez,20299364-4,3.2,4.4,2.7,5.8,5.7,3.6
Jocelyn,Smith,87122695-5,1.5,2.3,3.6,2.0,1.1,3.6
Lori,Brown,19848450-8,4.0,5.0,5.7,6.2,2.2,1.3
Angie,Campos,82465164-7,6.4,5.0,4.7,5.9,6.8,5.0
Daniel,Fisher,30392807-8,6.7,1.1,2.8,2.9,4.0,3.5
Regina,Payne,59154926-9,2.5,5.7,5.5,2.7,4.1,5.3
Rebekah,Curtis,58321642-1,6.2,2.6,2.1,1.6,1.6,5.1
Yvonne,Thomas,78835547-0,2.8,4.4,3.6,1.1,1.8,6.9
Wendy,Jones,88236812-3,2.0,6.2,1.3,2.0,3.1,1.6
Deborah,Walton,43875984-8,4.3,5.1,2.5,3.0,2.6,4.5
Michael,Hayes,56611603-9,2.9,4.3,2.7,3.7,4.8,5.5
Emily,Garcia,18368333-8,2.8,5.6,1.7,4.7,5.4,5.7
Nicole,Warren,78428155-7,4.0,1.9,4.0,3.2,4.9,2.3
Deanna,King,82225553-2,4.2,3.5,2.7,3.9,5.3,3.9
Alicia,Daniels,64309969-2,4.1,6.8,5.1,2.0,4.5,3.4
Jason,Davis,82181727-0,6.1,5.3,6.8,2.1,3.5,6.2
Diane,Davis,13097252-6,5.4,2.2,4.3,4.0,1.2,6.0
Brian,Bonilla,44107252-5,3.1,5.2,5.8,2.2,2.3,4.3
Edward,Davis,80093014-0,4.9,1.1,5.3,1.5,5.9,4.4
Cassandra,Morrison,86514866-5,2.9,3.9,6.4,5.5,3.4,5.0
Kimberly,Simmons,15958847-7,1.2,1.4,1.0,4.8,6.1,3.1
Jessica,Pugh,55347636-3,4.2,1.8,4.0,1.5,6.9,1.4
Chad,Williams,30243847-7,4.4,1.8,2.4,6.1,6.0,2.0
Lisa,Davis,34889173-7,2.5,1.2,4.2,2.7,1.2,5.8
Heather,Harvey,47677830-8,4.6,3.8,1.8,5.6,1.5,5.3
Carlos,Thomas,23759121-6,6.3,7.0,5.1,7.0,2.1,4.4
Greg,Johnson,55968685-2,1.6,5.8,1.9,7.0,4.6,3.1
Brian,Smith,42717471-1,5.1,2.7,6.3,6.2,4.1,3.7
Charles,Anderson,28398301-6,3.3,1.3,2.2,6.2,1.3,2.0
Daniel,Payne,45010775-6,2.5,2.1,5.9,3.0,2.6,1.2
Paula,Harris,48795435-4,3.6,6.0,5.4,4.9,4.4,1.1
Lori,Garcia,88720431-5,2.3,3.1,1.4,4.5,2.6,4.2
Isaiah,Skinner,72486485-3,4.0,6.0,6.6,6.1,7.0,3.1
Brian,Freeman,65631129-6,6.8,1.1,3.6,6.2,1.1,4.8
Christopher,Kelley,19098083-0,6.0,1.8,3.8,5.3,1.4,2.6
Michael,Welch,55371374-1,1.5,3.4,6.3,2.8,2.5,5.1
Julia,Barnes,64480256-0,6.6,5.1,2.0,2.9,1.4,5.9
Sandra,Calhoun,63206294-5,5.7,3.1,3.2,1.1,1.8,1.1
Molly,Ryan,25460133-9,4.4,2.9,3.8,1.4,4.9,3.4
Victor,Mooney,20113099-3,6.0,1.8,2.4,3.0,2.0,7.0
Tara,Harper,28885827-5,5.6,6.0,4.0,4.7,6.8,4.9
Paige,English,85620096-3,5.3,1.2,6.8,1.9,4.9,6.6
Michele,Johnson,39571630-6,1.7,1.6,2.6,6.9,3.7,3.7
Marc,Fox,90207726-0,1.5,4.7,3.8,4.6,3.5,4.7
Robert,Keller,29624851-8,3.9,2.1,5.1,2.0,2.7,3.9
Bryan,Cook,83494772-6,1.3,5.7,3.2,6.4,4.6,5.2
Christopher,Jackson,96792290-0,4.9,4.9,5.9,2.5,6.8,4.2
Bridget,Proctor,38785353-2,1.3,3.0,6.4,2.7,5.9,6.5
James,Greer,89061112-9,3.7,5.1,5.1,3.1,6.4,1.9
Emma,Caldwell,91550819-3,3.4,5.8,2.2,4.2,3.6,6.7
Joel,Wilson,35476747-5,3.0,1.8,6.1,1.6,5.0,4.7
George,Higgins,28785312-9,6.2,5.5,6.3,2.0,6.6,2.2
Emily,Smith,81625811-5,2.2,1.6,4.1,1.1,4.2,3.2
Kelly,Williamson,45260243-0,1.1,3.5,6.2,3.3,3.9,6.5
Brittany,Turner,65398519-5,6.1,2.2,6.8,5.8,5.3,2.4
Molly,York,50079468-9,3.6,5.2,5.9,4.3,1.6,3.3
Heidi,Castaneda,29766227-6,4.8,7.0,6.2,3.6,2.2,6.8
Wendy,Chen,72352105-3,1.3,1.9,3.0,2.0,4.3,1.3
Aimee,Ryan,93558304-9,4.3,1.5,4.3,5.4,6.9,1.5
Jeremy,Bartlett,36264182-0,6.1,1.1,2.4,3.5,3.3,3.3
Derek,Jones,39818152-5,1.6,5.6,6.2,3.4,3.1,5.2
Marilyn,Smith,13262275-3,2.9,3.7,4.8,6.5,5.3,4.0
Elizabeth,Zimmerman,60678582-9,1.8,2.3,4.8,2.0,6.2,2.2
Courtney,Garcia,12838911-8,3.1,3.5,1.8,3.5,5.8,4.7
Teresa,Carney,28672374-5,4.1,6.1,2.5,1.1,2.3,6.8
Diane,Wallace,11809372-2,4.4,3.4,3.6,5.1,1.5,1.1
Nathan,Mays,83775095-9,2.4,5.7,1.4,2.6,1.3,1.2
Leslie,Black,46365329-5,2.9,2.9,4.7,5.6,3.3,5.8
Monique,Wagner,63826228-6,5.4,1.2,6.8,4.6,2.2,6.7
Aaron,Smith,68469093-3,6.5,4.8,6.1,3.9,1.5,2.3
Dana,Hess,99474710-9,3.4,2.1,2.0,1.3,4.3,4.9
Katherine,Gomez,25393099-0,2.9,6.2,2.0,6.6,7.0,1.8
Matthew,Hart,52664312-9,6.1,3.6,5.7,4.2,6.0,1.6
Elizabeth,Sexton,41066227-5,7.0,3.5,1.5,6.4,4.8,5.2
Ryan,Mcdaniel,38783716-3,2.3,4.2,4.4,6.6,2.3,3.4
Bradley,Mendoza,44419709-0,4.3,3.7,3.6,1.0,1.1,4.2
Richard,Davis,49405852-7,3.4,2.9,2.7,6.9,3.9,3.5
Tyler,Kelley,93397411-7,3.3,3.0,4.0,2.6,3.8,1.3
Juan,Carter,45333038-0,1.4,1.6,6.7,5.9,4.9,1.9
Brittany,Simmons,72946018-0,3.5,5.0,5.8,1.3,2.8,6.2
Richard,Nelson,31160629-9,2.5,5.1,5.3,2.9,5.5,6.4
Amy,Dean,17012824-1,5.0,5.0,3.0,3.2,2.3,1.0
Jimmy,Mitchell,35401170-5,6.5,1.4,5.0,6.0,4.1,1.3
Gary,Harris,24954518-6,5.0,1.3,2.0,4.3,6.4,4.3
Jacob,Contreras,96029796-6,1.1,4.7,2.6,5.6,4.8,1.1
Timothy,Bowers,84184317-1,4.9,3.3,3.2,4.0,3.9,4.3
William,Grant,51711890-6,4.0,6.2,4.2,4.9,1.5,4.4
Daniel,Stone,40707265-5,2.9,6.9,2.2,6.0,3.3,6.5
Billy,Adams,25945826-1,5.4,1.9,3.4,6.8,1.9,3.6
Jennifer,Beck,63616500-4,2.5,4.8,1.8,5.4,6.3,5.0
Heather,Roberts,86002582-7,4.4,6.2,3.3,4.9,5.4,2.0
Thomas,Vasquez,68695318-7,1.8,3.4,6.3,2.8,2.6,6.1
Jonathan,Burke,95932649-2,5.5,1.0,5.2,1.0,4.9,6.9
Craig,Hale,35948983-9,3.8,2.1,4.1,5.6,2.0,2.0
Daisy,White,16346372-1,3.9,5.9,2.3,5.1,5.4,2.6
Dale,Fletcher,90598377-1,4.7,2.1,3.0,3.5,1.1,1.3
Keith,Hall,33130011-2,1.8,2.8,4.8,5.3,5.2,2.6
Michael,Brown,23500610-7,5.3,4.9,1.7,3.3,5.0,3.8
Jacob,Cunningham,32473494-9,2.7,4.2,3.9,1.2,6.1,5.2
Nancy,Morales,98635782-7,2.7,3.6,3.4,5.0,5.1,4.0
Christina,Fernandez,22266561-8,6.8,2.2,4.1,2.0,2.5,2.7
Tony,Mcdonald,32891975-1,1.6,6.9,2.9,2.7,4.0,4.5
Catherine,Davies,34934048-8,6.8,6.0,1.5,4.3,6.1,5.4
James,Reed,71411806-1,4.2,6.3,2.5,6.2,4.8,4.7
Brandon,Morgan,24928349-2,3.2,2.8,6.4,3.5,6.5,1.5
Elizabeth,Freeman,56520102-5,1.0,3.0,3.2,2.7,4.4,2.1
Nicole,Mcconnell,66658026-7,2.6,5.9,2.9,6.6,5.3,4.5
Monica,Gonzalez,67398255-5,4.4,2.7,2.0,2.6,5.9,4.7
Lisa,Gay,30943873-3,2.2,1.2,4.1,4.9,3.0,5.7
Hannah,Pratt,66862111-4,1.2,2.6,6.8,3.9,5.2,3.4
Renee,West,43008908-0,5.8,3.3,1.1,5.5,2.0,4.7
John,Hoover,72345924-2,2.3,2.2,3.3,1.4,4.3,2.3
Bryan,Murphy,91186081-9,5.9,3.9,1.8,2.3,4.1,1.8
Brandy,Andrews,64925996-4,5.7,5.7,3.8,4.1,4.0,5.5
Tiffany,Lopez,39632362-7,3.3,4.6,6.2,3.5,3.6,3.7
Lori,Mejia,88655720-9,5.2,2.0,2.8,1.1,5.4,1.1
Michael,Vincent,31716820-2,5.3,3.1,4.2,5.7,5.5,2.7
Robert,Wright,83296992-5,6.5,3.1,2.6,4.3,1.3,5.7
Jamie,Herring,99309916-7,4.0,5.1,4.2,3.6,6.4,3.0
Pamela,Mccullough,61343702-9,2.8,5.6,2.1,5.1,4.9,6.5
Jose,Duran,74786719-3,1.9,6.2,3.6,5.1,5.4,2.0
Elizabeth,Galvan,90682744-1,2.8,5.3,6.4,5.7,4.3,6.7
James,Mason,90587620-2,5.8,2.7,3.0,3.2,5.0,3.0
Oscar,Rodriguez,70313705-4,1.2,4.8,4.3,5.4,6.3,3.1
David,Valentine,32511495-5,6.2,3.9,3.0,1.1,4.8,1.2
Gabriela,Dickson,62810008-0,4.7,2.7,2.8,5.7,5.6,5.5
Tina,Dunn,29363136-9,4.0,6.3,1.1,1.2,6.1,5.4
Patricia,Rogers,58119343-4,6.1,4.0,6.4,2.8,1.7,4.9
David,Holland,66388223-5,3.0,3.3,4.3,5.2,5.6,2.1
Mary,Landry,47561282-1,3.5,3.9,6.2,3.0,1.7,5.2
Angela,Hall,32496163-0,2.1,2.0,5.0,1.1,6.3,5.5
Christine,Espinoza,90984778-3,5.1,4.3,4.6,5.4,5.5,2.1
Karen,Thompson,11506691-4,1.9,3.7,4.9,6.1,3.2,4.4
Jesus,Shaw,66926410-4,1.8,4.9,4.4,3.6,2.6,2.6
Mark,Rich,71745387-4,1.9,1.8,2.2,2.4,1.3,4.8
Tammy,Sanchez,34411515-9,2.5,1.5,2.1,2.9,1.9,6.5
Veronica,Griffin,32234173-6,5.4,4.8,6.2,4.5,1.9,4.1
Richard,Sullivan,92066265-4,2.1,6.5,4.0,5.7,5.4,6.9
Ronnie,Yoder,68388488-6,1.6,6.1,6.4,6.4,4.2,6.8
Samantha,Holmes,89277469-0,5.6,3.0,3.8,2.6,2.5,5.2
Clifford,Rodriguez,40902626-3,5.6,2.1,1.1,2.9,6.9,3.0
Dawn,Robertson,47810886-4,6.4,5.2,5.0,6.7,5.1,4.4
Gary,Gardner,66527862-8,5.4,5.5,4.7,2.7,3.0,6.5
David,Johnson,12486986-7,2.3,5.2,5.7,6.3,1.8,6.2
James,Gonzalez,95638418-6,5.7,3.3,6.9,6.7,1.7,4.7
Cynthia,Roach,62923353-5,3.7,6.7,1.6,6.5,1.5,2.2
Johnathan,Turner,56757957-6,3.1,3.0,2.3,1.4,2.4,4.5
Rachel,Carter,22154090-1,2.0,2.3,4.4,3.2,3.4,3.3
Randall,Kelly,57457734-6,4.8,6.6,1.5,3.9,2.0,2.3
Kevin,Lozano,13475654-9,3.0,3.6,4.8,5.5,1.3,2.3
Tyler,Rowe,98338833-6,1.1,2.3,5.6,5.3,3.7,2.8
Angela,Mueller,32742095-5,3.1,1.5,5.0,3.4,1.9,3.2
Ryan,Camacho,95958946-5,2.1,3.0,3.0,1.0,4.5,4.8
Justin,Zimmerman,99935114-1,4.0,6.4,3.6,2.2,3.1,3.5
Jonathan,Banks,29197610-9,2.8,1.1,1.3,1.4,4.4,2.9
Nicole,Brandt,33552098-0,5.4,5.3,4.7,5.7,5.6,2.2
Donna,Bush,92532374-8,4.9,6.0,3.8,2.2,7.0,5.4
Lisa,Baker,14571686-8,1.4,3.2,2.0,1.7,3.1,1.9
Brandi,Garcia,48573863-0,3.1,4.3,3.3,5.0,1.1,2.3
Joshua,Thompson,84888455-5,2.5,5.2,4.0,1.1,4.2,1.6
Michael,Anthony,36994361-7,3.5,3.7,7.0,4.4,4.6,5.8
Christopher,Wright,93382297-7,6.2,6.2,6.1,2.6,5.3,5.8
Peter,Mathis,59878748-2,6.1,2.6,1.8,4.6,3.0,3.3
Rebecca,Davis,41869308-6,5.1,2.2,5.8,6.6,3.9,6.0
Jon,Hill,60733671-9,3.9,6.4,3.6,1.7,4.9,5.8
Kelsey,Mitchell,90200891-6,1.3,3.0,6.2,4.3,2.8,4.3
Elizabeth,Contreras,95188908-6,5.9,5.0,4.9,5.8,5.4,5.4
James,Freeman,34682575-8,6.2,2.2,3.6,5.0,2.2,6.0
Sara,Morales,31850298-8,5.9,1.6,1.5,2.9,6.0,1.0
Brad,Russell,28764546-7,1.1,6.1,1.5,4.1,4.5,3.7
Veronica,Moore,38075003-6,6.2,6.9,1.0,6.0,1.9,2.7
Amy,Davis,44653680-3,2.2,3.5,1.6,3.0,3.2,3.3
James,Gomez,71100859-9,2.1,3.7,5.7,6.6,4.4,4.4
Dennis,Jordan,43596373-5,5.6,1.6,5.5,3.4,3.2,4.5
Shelley,Jones,77513725-0,3.0,6.1,3.1,6.0,3.9,5.7
Regina,Foster,99520188-1,3.7,1.5,1.4,4.9,1.6,5.5
Elizabeth,Kennedy,79565770-3,6.6,3.0,1.5,1.1,5.1,4.3
Diana,Cunningham,10004730-5,6.4,4.1,3.3,3.5,6.4,7.0
Lisa,Walton,21113118-1,3.8,5.5,1.1,6.8,5.0,6.8
Cassandra,Roberts,98941862-7,2.7,3.7,4.5,6.5,6.3,2.8
Wendy,Garcia,98624820-4,2.2,5.7,4.0,5.4,4.9,1.9
Caleb,Freeman,92726414-5,3.3,4.9,4.0,5.1,3.9,3.6
Jennifer,Robinson,50592767-7,6.6,2.2,1.6,4.6,1.7,3.1
Brittany,Bishop,54890921-5,6.6,3.4,3.3,4.3,6.8,2.9
David,Park,20810971-6,4.9,6.6,5.3,3.9,6.4,1.6
Jeremy,Richardson,89502794-3,1.1,1.7,7.0,6.8,1.9,3.6
Brad,Turner,25659815-1,3.7,5.5,1.5,6.2,2.1,4.4
Richard,Robinson,28824901-2,2.6,4.3,3.7,6.2,5.2,3.7
Denise,Martin,33389344-6,2.6,3.5,2.4,6.0,1.2,3.8
Megan,Parrish,39568913-2,1.8,6.8,1.8,5.6,4.4,4.7
Aaron,Galloway,66076187-8,1.3,3.6,1.2,6.6,6.2,2.1
Samuel,Herman,61639414-0,2.5,2.2,6.7,5.3,2.2,4.1
Robert,Johnson,70082823-3,5.4,5.4,5.1,6.0,6.3,2.4
Tanya,Brooks,11073563-5,4.8,4.4,3.8,3.6,3.4,5.5
Renee,Berg,57918018-8,6.9,3.7,3.1,4.6,3.2,2.8
Antonio,Pace,81455598-5,3.9,2.0,2.2,6.4,4.7,6.0
Sherry,Love,92017978-9,6.6,6.1,2.5,3.6,4.7,1.1
Johnathan,Alexander,24380404-1,5.9,3.4,5.2,6.8,4.8,5.5
Sharon,Brewer,62503885-3,6.4,6.8,1.6,1.6,3.3,2.1
Jamie,Barton,34264013-7,6.5,2.2,4.2,2.4,2.4,5.5
Stuart,Duran,11116133-1,2.7,5.6,5.0,6.4,6.4,5.2
Stacey,Myers,85849453-4,2.3,1.7,4.9,1.5,6.0,2.2
Roger,Richmond,99075985-0,5.1,6.7,1.5,3.9,5.3,2.2
Julie,Johnson,56010985-4,1.7,5.9,4.3,3.0,2.9,4.8
William,Gordon,20720801-0,5.9,1.5,4.6,5.0,3.7,1.8
Kelly,Allen,82662035-1,2.7,2.0,2.6,3.0,6.5,3.5
Christina,King,67088231-8,6.1,1.4,1.1,4.4,4.4,3.9
Samuel,Wagner,84596584-0,1.7,1.5,6.2,1.9,4.7,6.3
Stephanie,Miller,76597154-8,2.3,5.2,2.3,6.9,3.6,2.8
Michael,Carter,40114808-6,3.8,4.0,3.4,6.6,5.9,5.0
Megan,Jensen,74003870-7,1.9,2.0,4.9,4.4,2.0,5.1
James,Fisher,90774149-5,5.4,6.4,3.6,1.8,5.1,4.3
Crystal,Dominguez,86907862-1,2.4,4.1,1.4,1.7,5.5,6.4
Donald,Brown,83546768-1,5.7,5.7,3.8,4.1,4.2,1.6
Robert,Taylor,15626949-4,5.5,2.2,3.8,1.6,5.5,2.9
Jason,Soto,51622593-7,3.9,4.2,3.7,3.2,1.3,2.3
Donna,Miller,31925461-7,2.8,6.5,1.1,2.2,2.9,4.4
Amy,Chase,75802455-2,5.6,4.4,2.3,1.7,1.7,3.7
Larry,Williamson,71520280-5,1.4,3.4,6.9,3.4,2.7,2.7
George,Johnson,73617342-5,1.9,6.6,4.8,3.5,3.4,1.3
Katie,Woods,26656517-0,5.6,2.7,4.0,4.0,2.3,1.2
Jacob,Davenport,92645411-5,3.5,6.6,2.0,6.3,3.1,4.1
Madison,Houston,26460156-6,1.4,5.3,5.6,3.3,2.7,5.9
Angela,Nash,83790156-4,2.0,2.9,2.1,3.4,1.5,2.6
Steven,Nixon,71166363-9,4.8,3.0,1.1,2.4,1.9,5.3
Daniel,Harvey,82392476-1,3.5,5.8,2.9,2.7,1.4,1.6
Martin,Clark,44258381-2,3.5,3.2,4.1,3.9,1.8,2.9
Mark,Matthews,71412429-8,6.9,6.9,3.2,3.5,1.6,6.6
Robert,Burns,78515389-3,6.2,1.6,3.3,5.2,5.4,3.4
Anna,Blevins,29109501-9,5.7,6.1,4.1,5.8,5.6,6.8
Jane,Fuentes,98088425-9,1.9,1.9,5.7,1.7,4.0,4.9
Jocelyn,Oneill,43750742-4,1.2,5.5,4.6,3.2,5.9,3.7
Victoria,Mendoza,20097613-4,2.7,2.9,3.1,5.2,6.3,3.8
Jesse,Stevens,73853410-4,3.5,3.1,3.3,4.5,2.9,6.5
Michael,Hanson,71274964-7,1.7,4.5,6.5,3.6,3.5,4.7
Megan,Elliott,76140130-6,1.1,2.6,1.1,5.9,2.0,4.1
Gary,Rogers,22193037-5,1.6,5.8,4.6,2.3,6.5,3.4
Lindsay,Gomez,19603050-6,3.2,2.4,4.8,2.4,4.7,6.8
Brenda,Smith,84622105-3,1.1,6.3,3.0,2.3,2.7,2.5
Samuel,Salas,41023256-5,2.6,1.1,2.6,5.5,1.9,1.2
Anthony,Combs,69639464-6,3.3,1.6,6.9,6.9,2.4,2.4
Johnny,Stevens,49423381-8,5.0,2.3,4.8,6.9,3.3,2.6
David,Hart,80439171-7,5.8,4.2,3.5,6.8,3.7,2.1
Amy,Lee,44518845-3,3.6,6.7,5.7,3.2,1.5,3.6
Sandra,Hamilton,60456005-4,3.1,2.5,2.9,3.6,3.3,3.1
Elizabeth,Moody,20003291-2,5.0,3.4,1.5,2.6,4.3,4.8
Jesse,Price,11848930-6,5.9,4.8,1.2,2.6,5.1,2.4
Jenna,Shannon,84325987-5,4.4,1.5,1.4,3.7,6.4,5.4
Teresa,Lee,31130837-7,4.1,1.1,1.8,3.5,2.2,5.5
Mallory,Fitzpatrick,26233577-3,2.9,6.3,4.8,2.4,1.2,3.0
Tammy,Tyler,82329758-3,4.7,1.5,5.9,4.2,2.7,1.3
Catherine,Kelly,54930696-3,5.3,5.9,4.2,2.9,5.7,2.5
Dylan,Walker,62370226-8,2.1,2.2,3.0,1.6,6.8,4.0
Mary,Smith,66059737-5,2.1,6.6,4.2,5.0,1.1,5.5
Melanie,Soto,20329972-7,3.0,5.1,4.1,3.6,6.9,2.9
Lynn,Griffith,15770977-5,4.0,3.7,4.0,6.4,6.5,5.3
Heather,Pittman,97232481-4,1.1,6.3,1.4,1.5,1.5,1.1
Michele,Collins,22128314-4,6.0,4.6,6.7,4.6,2.7,2.1
Steven,Warren,93354108-1,3.3,6.7,5.7,6.8,3.3,1.7
David,Fleming,80518525-9,2.9,3.0,5.1,1.9,3.7,4.2
James,Simpson,63165460-1,1.3,4.7,1.6,5.0,3.3,3.8
David,Oliver,13032620-4,7.0,3.1,2.5,1.1,5.0,1.4
Theresa,Cole,75350975-0,5.7,3.3,1.4,2.5,4.3,3.6
Linda,Taylor,69759362-6,3.4,4.7,1.1,3.2,5.4,4.7
Michael,Colon,96009532-8,1.8,4.3,4.7,1.3,3.2,3.0
Matthew,Thomas,56873099-0,4.7,5.1,4.0,3.5,2.0,1.6
Crystal,Hernandez,10584665-8,5.3,6.0,3.1,4.5,6.9,1.0
Sean,Wilson,35227167-3,4.6,1.8,5.3,6.5,3.6,5.9
Shaun,Clark,96273301-9,5.5,4.1,2.7,6.8,5.9,6.6
Heather,Russell,53665389-8,3.5,4.5,6.6,1.5,4.7,1.8
Kara,Reid,88688633-1,3.6,3.4,1.7,5.7,2.3,3.2
Lauren,Stanley,35647087-1,4.6,5.4,6.4,4.8,2.4,2.8
Jessica,Savage,75639315-6,2.8,1.3,2.3,5.2,5.2,5.0
Sarah,Moreno,35942229-8,2.6,1.1,1.5,3.6,6.2,5.6
Nancy,Watts,83711742-8,3.0,2.9,6.3,6.1,4.4,4.1
Julie,Hill,19038817-3,1.5,5.5,1.9,4.8,5.3,3.5
Cassandra,Jordan,47400265-6,6.9,3.5,6.6,2.9,5.2,4.3
Brenda,Haas,71650444-6,2.8,4.5,2.5,2.2,4.1,6.2
Brian,Johnson,81942044-4,2.8,4.7,6.5,6.3,5.1,6.4
Jill,Miller,32581887-4,1.6,3.6,1.8,1.2,6.5,2.5
Travis,Parker,16566627-2,6.8,1.3,6.2,6.9,1.1,4.9
Kristen,Miller,69889509-3,6.9,1.5,2.3,2.1,2.8,1.7
Kayla,Miller,68692879-3,3.5,1.4,2.6,4.1,3.5,4.8
Tyler,Scott,90643959-5,5.5,6.1,6.1,6.0,5.6,3.7
Christopher,Skinner,10656011-3,4.4,4.1,3.4,6.4,3.0,5.0
Nicole,Hines,18715437-8,3.8,4.1,2.2,1.2,1.9,3.6
Barbara,Green,23590306-7,2.4,2.7,4.7,4.0,5.4,3.3
Brandon,Gilbert,59021586-8,6.8,1.7,3.7,4.2,6.0,1.5
Reginald,Shannon,72141816-7,7.0,4.6,3.4,5.6,5.8,6.7
Lydia,Mcmillan,17490141-6,6.8,2.5,3.2,5.9,1.9,3.4
Dean,Nunez,66409190-1,2.3,5.7,2.1,1.2,3.5,5.7
Gina,Wilson,22496216-7,3.4,6.1,4.4,6.3,5.6,2.9
Michael,Campbell,98139199-1,4.5,6.6,3.7,4.7,6.8,6.6
David,Miller,73103458-6,3.3,5.9,4.6,6.4,3.7,2.9
Sarah,Long,67332664-2,2.6,3.2,2.7,2.4,4.7,2.9
Jenny,Taylor,60174794-4,7.0,1.6,4.0,2.1,4.6,4.3
Bryan,Gonzales,63486044-7,6.8,1.9,6.9,6.2,4.3,1.5
Pamela,Myers,72297689-3,5.3,3.4,5.4,1.8,4.0,5.9
Kenneth,Rose,72727150-7,1.2,4.3,6.7,4.2,2.6,2.7
Thomas,Lawson,46552015-2,1.6,1.5,4.5,1.3,4.1,3.7
Vanessa,Carter,51035696-0,6.3,5.2,6.4,6.7,5.1,3.5
Hannah,Carter,44579405-9,1.4,4.4,6.6,3.2,6.2,3.6
Robert,Steele,56850206-8,4.4,1.3,3.4,4.7,3.3,3.4
David,Gomez,57652248-1,3.7,1.1,4.1,4.9,5.6,2.6
Jason,Wilson,51050519-8,4.9,4.7,3.6,4.7,4.0,2.9
Neil,Rubio,95472338-6,3.9,1.9,6.2,4.8,2.3,6.5
Samuel,Brewer,52424574-0,4.0,6.6,3.7,1.2,5.3,1.2
Gregory,Watts,12040754-4,3.9,4.9,5.2,1.8,6.8,5.4
Leslie,Mclaughlin,36467882-3,4.9,3.6,6.0,1.6,6.4,4.8
Danielle,Marquez,97242304-9,1.0,1.2,2.6,3.4,6.8,3.1
Joseph,Flynn,79107099-0,6.9,4.7,5.8,5.1,3.4,4.4
Marisa,Cox,28650781-1,2.9,3.1,2.5,2.5,3.1,5.2
Sarah,Bell,31721409-6,3.9,4.3,5.7,4.5,3.1,4.4
Courtney,Stephenson,19654024-2,6.5,6.9,1.1,6.7,3.3,2.6
Erin,Brown,55372873-1,6.6,2.0,3.1,4.5,3.9,5.9
Kristen,Escobar,53739959-7,5.1,1.4,6.0,1.3,3.2,6.5
Jacqueline,Powers,78790539-6,3.9,3.2,2.4,4.4,1.6,4.0
Devin,Nelson,13558052-0,1.0,1.2,4.5,5.6,5.6,5.1
Ray,Sparks,85454010-7,2.3,2.6,1.4,3.8,3.8,1.2
Stephen,Jensen,15971750-2,2.1,4.2,2.5,6.9,2.2,1.0
Kaylee,Smith,59726903-5,3.3,5.7,4.0,6.9,2.4,6.6
Danielle,Morales,67122097-0,2.9,6.4,3.9,2.5,1.5,5.5
Christine,Paul,16695529-0,6.0,4.2,6.0,4.9,1.3,2.3
Jason,Le,70172994-3,1.1,1.2,5.1,3.7,5.3,2.5
Brandy,Barnett,74602533-8,2.8,2.4,6.6,6.3,2.8,4.9
Patrick,Davis,66142238-9,6.8,1.1,4.1,6.8,2.1,3.7
Joshua,Robinson,91196864-9,2.5,6.9,3.8,5.2,2.0,3.8
Brent,Vasquez,10613810-0,5.3,5.1,1.9,6.3,2.1,2.7
Bryan,Williams,71332587-7,3.1,4.5,4.7,1.3,2.2,1.8
Cory,Wilson,14293227-8,1.5,5.9,1.8,3.3,3.2,6.9
Lisa,Guzman,14522011-0,3.9,4.6,2.5,3.4,6.8,2.9
Jerry,Henderson,74324017-9,4.5,3.4,4.4,1.3,3.5,1.8
Tina,Wood,63530794-1,3.0,1.4,5.4,5.8,1.7,6.0
Dorothy,Perez,96799541-4,5.0,6.9,4.5,4.5,3.9,4.9
Christian,Whitaker,21959864-8,6.9,1.7,1.3,2.6,2.2,2.2
Ashley,Rivera,74746279-9,2.9,4.9,6.7,2.8,2.1,5.7
David,Swanson,43955906-5,6.9,4.9,4.9,1.3,3.2,2.2
Curtis,White,10433021-8,1.6,3.1,6.5,1.7,6.0,1.5
Autumn,Robbins,36445933-6,5.2,1.1,2.7,6.6,3.5,2.5
Brandon,Clayton,18159115-2,5.2,1.5,6.5,2.9,4.2,6.4
Timothy,Barnes,45913667-5,6.2,6.5,6.7,2.4,2.2,4.3
Jacqueline,Holland,99251879-7,2.4,5.5,2.4,6.0,5.9,6.8
Stephanie,Wilkins,29587147-7,3.0,2.9,5.0,6.9,3.9,5.4
Timothy,Francis,62770142-1,3.0,6.5,4.9,2.9,6.2,6.1
Matthew,Perkins,21949939-6,7.0,4.0,4.5,2.8,4.4,3.7
Lisa,Gardner,55939229-9,2.1,5.9,4.0,3.3,2.3,4.3
Jeffery,Wallace,75784398-5,3.0,4.0,5.0,2.9,4.6,3.2
Mckenzie,Lopez,77517684-8,2.6,4.8,3.8,5.8,5.9,4.4
Francisco,Salinas,18835757-9,1.3,3.1,1.6,5.7,1.9,5.3
Charlotte,Trujillo,59929230-7,4.0,3.3,1.4,4.8,4.1,4.2
Wanda,Johnson,67524206-4,3.6,4.9,5.0,5.1,2.1,6.6
Anthony,Thompson,95244876-9,4.6,6.2,5.2,2.8,5.9,2.7
Kyle,Ellis,46364915-4,7.0,2.4,4.2,1.9,4.1,5.4
Billy,Payne,42563494-4,6.9,1.1,1.5,6.8,4.5,4.4
Alexa,Brooks,52633208-6,1.5,1.9,6.9,6.4,2.2,4.4
Amy,Page,98963930-0,3.9,1.7,6.3,2.8,3.8,5.0
Brandon,Carter,23615888-5,2.9,3.5,5.2,3.6,6.6,1.4
Theresa,Pearson,17873175-5,4.4,3.8,3.5,6.4,3.5,1.5
Tracie,Riley,79022542-7,3.4,6.8,3.7,4.9,2.1,3.1
Matthew,Padilla,31044499-4,1.6,3.0,4.5,6.5,2.1,1.7
Timothy,Johnston,53143023-5,3.0,5.9,3.2,1.4,3.3,3.3
Daniel,Bruce,85205500-3,5.1,5.2,5.0,5.6,5.6,2.1
Brandi,Yates,60311648-8,6.7,2.8,6.6,5.8,1.9,4.8
Jennifer,Miller,24810901-2,6.2,2.6,1.3,5.5,2.1,4.0
Joseph,Crane,79117239-1,3.5,2.2,4.9,1.6,1.1,3.6
Jessica,Phillips,21944770-2,2.8,2.3,3.0,6.9,4.9,3.9
Ana,Castillo,43427969-6,3.7,6.5,5.5,3.9,3.4,5.7
Alyssa,Simmons,22585147-9,6.3,2.6,5.0,2.4,6.4,6.5
Melissa,Kent,27949209-1,1.2,5.5,4.9,6.7,6.4,4.0
Katherine,Calderon,18040843-5,2.4,6.2,3.2,6.0,1.9,4.7
Elizabeth,Bolton,82063956-7,1.0,2.9,4.8,3.2,2.1,2.6
Michelle,Boyd,61370020-4,3.5,5.5,4.2,6.8,3.3,3.6
Christopher,Brown,33615984-2,3.0,5.4,4.1,5.7,6.9,3.0
Sandra,Ross,46730968-7,7.0,3.0,2.1,5.6,5.4,5.3
Jessica,Kennedy,62726797-6,2.6,2.4,4.4,4.7,6.6,5.3
Joshua,Stewart,52975042-0,5.9,2.2,4.7,6.5,5.9,2.1
Cindy,Rasmussen,83717880-7,3.8,2.9,3.3,5.3,6.3,2.4
Jennifer,Mendez,84405424-7,3.6,5.0,6.7,4.5,3.0,2.4
Carol,Welch,92893012-2,5.7,5.9,4.1,6.7,2.3,3.0
Curtis,Tyler,96763242-0,6.7,5.1,5.7,1.3,5.7,6.5
Mariah,Valenzuela,11217264-3,1.9,7.0,5.9,5.9,2.2,4.2
Peter,Valdez,90041798-2,2.5,1.4,4.3,5.1,3.5,5.4
Christine,Terrell,14389440-3,4.0,3.7,5.0,5.1,1.3,4.4
Thomas,Pierce,60223488-5,6.9,1.3,4.4,1.2,3.0,4.5
Alyssa,Adams,97258555-1,1.7,1.6,5.2,2.4,5.1,2.1
Dennis,Gibson,21045332-0,6.7,1.2,5.5,5.6,1.7,4.9
James,Sanchez,18039877-1,2.1,4.7,2.8,2.3,4.4,6.6
Sarah,Shaw,61454790-6,2.9,2.4,5.6,4.1,1.9,5.5
Brittney,Johnson,30899878-3,6.1,4.9,2.5,5.8,5.7,6.5
Deanna,Pierce,72904322-7,5.5,3.2,5.3,1.8,4.4,2.7
Barbara,Mcdonald,35881445-3,5.2,5.0,3.5,5.8,4.3,4.7
Timothy,Jones,63265514-3,2.6,5.9,1.8,4.2,1.1,4.1
Lisa,Alvarez,10172390-7,1.0,6.7,5.6,1.3,5.6,2.6
George,Davis,24118449-0,2.4,6.0,3.6,6.5,1.4,4.6
